id	class_name
72	Transmisión
17	Gastroenterología
52	Equipo de Protección Personal
16	Fisioterapia
21	Infectología
46	Telemedicina
38	Rehabilitación
39	Reumatología
45	Soporte Personal de Salud, Estudiantes y Sociedad
51	Prevención y Control
28	Generalidades Clínicas
58	Restricción Circulación Ciudadanos
49	Diagnóstico Clínico
42	Modelos Clínicos Predictivos
62	Ensayos Clínicos de Tratamiento
66	Plasma
33	Oncología
23	Cloroquina y Hidroxicloroquina
15	Endocrinología
10	Revisiones Sistemáticas
11	Guías de Práctica Clínica
55	Medidas Generales de Prevención
44	Terapias Alternativas
25	Neumología
31	Odontología
18	Hepatobiliar Digestivo
34	Otorrinolaringología
43	Experiencias, Percepciones, Consecuencias
6	Diagnóstico
27	Radiología
8	Cardiología
4	Tratamiento
1	Virología, Biología Molecular
19	Hematología
40	Transplante
5	Interacciones Farmacológicas
48	Pruebas Serológicas
2	Estudios Observacionales
12	Cirugía Cardiovascular
22	Estudios de Intervención
26	Epidemiología
67	Soporte Vital y Ventilatorio
20	Medicina Interna
63	Antivirales
65	Ivermectina
64	Biológicos
30	Obstetricia
36	Pediatría
47	Pruebas de Detección Moleculares
35	Patología
50	Imagenes
13	Cirugía
59	Restricciones Colegios y Universidades
57	Desinfección
14	Dermatología
53	Via Pública
9	UCI Anestesia
41	Inmunología
61	Vacuna
32	Oftalmología
69	Dianas Terapéuticas
60	Restricciones de Viaje
71	Resumenes de Evidencia
70	Intervenciones
29	Neurología
54	Aislamiento
7	Revisiones Narrativas
37	Psiquiatría
56	Carceles
24	Nefrología
3	Otros
68	Corticoides
